authorName,phoneNumber,email
"James","5046218927","abc@gmail.com"
"Josephine","8102929388","abc@gmail.com"
"Art","8566368749","abc@gmail.com"
"Lenna","9073854412","abc@gmail.com"
"Donette","5135701893","abc@gmail.com"
"Simona","4195032484","abc@gmail.com"
"Mitsue","7739248565","abc@gmail.com"
"Leota","4087523500","abc@gmail.com"
"Sage","6054142147","abc@gmail.com"
"Kris","4106558723","abc@gmail.com"
"Minna","2154228694","abc@gmail.com"
"Abel","6313353414","abc@gmail.com"
"Kiley","3104985651",""
"Graciela","4407808425","abc@gmail.com"
"Cammy","9565376195","abc@gmail.com"
"Mattie","6022774385","abc@gmail.com"
"Meaghan","9313139635","abc@gmail.com"
"Gladys","5046218927","abc@gmail.com"
"Yuki","3132887937","abc@gmail.com"
"Fletcher","8158282147","abc@gmail.com"
"Bette","6104924643","abc@gmail.com"
"Veronika","4085401785","abc@gmail.com"
"Willard","9723039197","abc@gmail.com"
"Maryann","2154228694","abc"
"Alisha","7326583154","abc@gmail.com"
"Allene","7156626764","abc@gmail.com"
"Chanel","9133882079","abc@gmail.com"
"Ezekiel","4106691642","abc@gmail.com"
"Willow","2125824976","abc@gmail.com"
"Bernardo","9363363951","abc@gmail.com"
"Ammie","6148019788","abc@gmail.com"
"Francine","5059773911","abc@gmail.com"
"Ernie","2017096245","abc@gmail.com"
"Albina","7329247882","abc@gmail.com"
"Alishia","2128601579","abc@gmail.com"
"Solange","5049799175","abc@gmail.com"
"Jose","2126758570","abc@gmail.com"
"Rozella","8056091531",""
"Valentine","2108129597","abc@gmail.com"
"Kati","7852197724","abc@gmail.com"
"Youlanda","5415488197","abc@gmail.com"
"Dyan","9134134604","abc@gmail.com"
"Roxane","9072314722","abc@gmail.com"
"Lavera","3056067291","abc@gmail.com"
"Erick","9072276777","abc@gmail.com"
"Fatima","9527682416","abc@gmail.com"
"Jina","2108129597","abc@gmail.com"
"Kanisha","5046218927","abc@gmail.com"
"Emerson","6086587940","abc@gmail.com"
"Blair","2159079111","abc@gmail.com"
"Brock","2124029216","abc@gmail.com"
"Lorrie","9318756644","abc@gmail.com"
"Sabra","8039255213","abc@gmail.com"
"Marjory","6108145533","abc@gmail.com"
"Karl","9088776135","abc@gmail.com"
"Tonette","5169686051","abc@gmail.com"
"Amber","2159348655","abc@gmail.com"
"Shenika","8184234007","abc@gmail.com"
"Delmy","4015598961","abc@gmail.com"
"Deeanna","2152119589","abc@gmail.com"
"Blondell","4019608259","abc@gmail.com"
"Jamal","7322341546","abc@gmail.com"
"Cecily","5124863817","abc@gmail.com"
"Carmelina","3037247371","abc@gmail.com"
"Maurine","4147481374","abc@gmail.com"
"Tawna","2126749610","abc@gmail.com"
"Penney","9077979628","abc@gmail.com"
"Elly","8143935571","abc@gmail.com"
"Ilene","4109374543","abc@gmail.com"
"Vallie","2088625339","abc@gmail.com"
"Kallie","4156047609","abc@gmail.com"
"Johnetta","9192259345","abc@gmail.com"
"Bobbye","6505285783","abc@gmail.com"
"Micaela","9256473298","abc@gmail.com"
"Tamar","7403438575","abc@gmail.com"
"Moon","5858668313","abc@gmail.com"
"Laurel","4105204832","abc@gmail.com"
"Delisa","5124863817","abc@gmail.com"
"Viva","7733523437","abc@gmail.com"
"Elza","9739273447","abc@gmail.com"
"Devorah","5059758559","abc@gmail.com"
"Timothy","7183326527","abc@gmail.com"
"Arlette","9192259345","abc@gmail.com"
"Dominque","5109017640","abc@gmail.com"
"Lettie","2166577668","abc@gmail.com"
"Myra","8179147518","abc@gmail.com"
"Stephaine","3107747643","abc@gmail.com"
"Lai","8479574614","abc@gmail.com"
"Stephen","3305375358","abc@gmail.com"
"Tyra","2152551641","abc@gmail.com"
"Tammara","6508031936","abc@gmail.com"
"Cory","6266962777","abc@gmail.com"
"Danica","2547828569","abc@gmail.com"
"Wilda","9078705536","abc@gmail.com"
"Elvera","4084408447","abc@gmail.com"
"Carma","5105037169","abc@gmail.com"
"Malinda","3174722412","abc@gmail.com"
"Natalie","3072793793","abc@gmail.com"
"Lisha","7032353937","abc@gmail.com"
"Arlene","5047105840","abc@gmail.com"
"Alease","3033014946","abc@gmail.com"
"Louisa","5108287047","abc@gmail.com"
"Angella","8084752310","abc@gmail.com"
"Cyndy","9523349408","abc@gmail.com"
"Rosio","3364974407","abc@gmail.com"
"Celeste","5165092347","abc@gmail.com"
"Twana","5039097167","abc@gmail.com"
"Estrella","6089767199","abc@gmail.com"
"Donte","5084298576","abc@gmail.com"
"Tiffiny","3053859695","abc@gmail.com"
"Edna","8144602655","abc@gmail.com"
"Sue","2547828569","abc@gmail.com"
"Jesusa","9312738709","abc@gmail.com"
"Rolland","9736492922","abc@gmail.com"
"Pamella","3055758481","abc@gmail.com"
"Glory","4102249462","abc@gmail.com"
"Shawna","8052753566","abc@gmail.com"
"Brandon","8082156832","abc@gmail.com"
"Scarlet","2293659658","abc@gmail.com"
"Oretha","6174185043","abc@gmail.com"
"Ty","2016721553","abc@gmail.com"
"Xuan","9078705536","abc@gmail.com"
"Lindsey","9095891693","abc@gmail.com"
"","5109553016","abc@gmail.com"
"Herman","5184972940","abc@gmail.com"
"Rory","5708677489","abc@gmail.com"
"Talia","973245133","abc@gmail.com"
"Van","9084481209","abc@gmail.com"
"Lucina","3217494981","abc@gmail.com"
"Bok","7184788568","abc@gmail.com"
"Rolande","8085265863","abc@gmail.com"
"Howard","6509335072","abc@gmail.com"
"Kimbery","9733101634","abc@gmail.com"
"Thurman","6092348376","abc@gmail.com"
"Becky","9084268272","abc@gmail.com"
"Beatriz","5085844279","abc@gmail.com"
"Marti","7735391058","abc@gmail.com"
"Nieves","5035275274","abc@gmail.com"
"Leatha","214339189","abc@gmail.com"
"Valentin","6509335072","abc@gmail.com"
"Melissa","6313353414","abc@gmail.com"
"Sheridan","9512486822","abc@gmail.com"
"Bulah","2544634368","abc@gmail.com"
"Audra","6154067854","abc@gmail.com"
"Daren","4149592540","abc@gmail.com"
"Fernanda","4103875260","abc@gmail.com"
"Gearldine","9729346914","abc@gmail.com"
"Chau","3105608022","abc@gmail.com"
"Theola","5169485768","abc@gmail.com"
"Cheryl","6095187697","abc@gmail.com"
"Laticia","12233344","abc@gmail.com"
"Carissa","7735391058","abc@gmail.com"
"Lezlie","9198852453","abc@gmail.com"
"Ozell","2162304892","abc@gmail.com"
"Arminda","6029069419","abc@gmail.com"
"Reita","3177875514","abc@gmail.com"
"Yolando","3153044759","abc@gmail.com"
"Lizette","8567023676","abc@gmail.com"
"Gregoria","5162121915","abc@gmail.com"
"Carin","5013081040","abc@gmail.com"
"Chantell","651512583","abc@gmail.com"
"Dierdre","2153253042","abc@gmail.com"
"Larae","9858907262","abc@gmail.com"
"Latrice","6319982102","abc@gmail.com"
"Kerry","9167707448","abc@gmail.com"
"Dorthy","2086492373","abc@gmail.com"
"Fannie","5125289933","abc@gmail.com"
"Evangelina","2159643284","abc@gmail.com"
"Novella","8084774775","abc@gmail.com"
"Clay","7755018109","abc@gmail.com"
"Jennifer","8479799545","abc@gmail.com"
"Irma","973868660","abc@gmail.com"
"Eun","8642563620","abc@gmail.com"
"Sylvia","4102099545","abc@gmail.com"
"Nana","9148552115","abc@gmail.com"
"Layla","2122537448","abc@gmail.com"
"Joesph","5106779785","abc@gmail.com"
"Annabelle","9782897717","abc@gmail.com"
"Stephaine","4157676596","abc@gmail.com"
"Nelida","9738688660","abc@gmail.com"
"Marguerita","9255418521","abc@gmail.com"
"Carmela","7734944195","abc@gmail.com"
"Junita","9739433423","abc@gmail.com"
"Claribel","4195444900","abc@gmail.com"
"Benton","3106948466","abc@gmail.com"
"Hillary","3529905946","abc@gmail.com"
"Merilyn","4087585015","abc@gmail.com"
"Teri","5708895187","abc@gmail.com"
"Merlyn","2015887810","abc@gmail.com"
"Georgene","9256155185","abc@gmail.com"
"Jettie","9088023564","abc@gmail.com"
"Lemuel","6312914976","abc@gmail.com"
"Melodie","8056901682","abc@gmail.com"
"Candida","9082758357","abc@gmail.com"
"Karan","5039408327","abc@gmail.com"
"Andra","5035162189","abc@gmail.com"
"Felicidad","8563059731","abc@gmail.com"
"Belen","7705078791","abc@gmail.com"
"Gracia","9042353633","abc@gmail.com"
"Jolanda","2074589196","abc@gmail.com"
"Barrett","8175776151","abc@gmail.com"
"Helga","7167524114","abc@gmail.com"
"Ashlyn","3056709628","abc@gmail.com"
"Fausto","2123131783","abc@gmail.com"
"Ronny","2155113531","abc@gmail.com"
"Marge","8504301663","abc@gmail.com"
"Norah","4158742984","abc@gmail.com"
"Aliza","4085043552","abc@gmail.com"
"Mozell","6509471215","abc@gmail.com"
"Viola","8188644875","abc@gmail.com"
"Franklyn","2155588189","abc@gmail.com"
"Willodean","3372538384","abc@gmail.com"
"Beckie","3133907855","abc@gmail.com"
"Rebecka","5122138574","abc@gmail.com"
"Frederica","2144282285","abc@gmail.com"
"Glen","2066975796","abc@gmail.com"
"Freeman","6104763501","abc@gmail.com"
"Vincent","2158294221","abc@gmail.com"
"Rima","3108585079","abc@gmail.com"
"Glendora","7076538214","abc@gmail.com"
"Avery","4078089439","abc@gmail.com"
"Cristy","7609714322","abc@gmail.com"
"Nicolette","5088379230","abc@gmail.com"
"Tracey","9362649294","abc@gmail.com"
"Virgina","4142148697","abc@gmail.com"
"Tiera","6266364117","abc@gmail.com"
"Alaine","9143009193","abc@gmail.com"
"Earleen","2142891973","abc@gmail.com"
"Leonida","2282355615","abc@gmail.com"
"Ressie","3052874743","abc@gmail.com"
"Justine","4158742984","abc@gmail.com"
"Eladia","2014744924","abc@gmail.com"
"Chaya","7349285182","abc@gmail.com"
"Gwenn","6312586558","abc@gmail.com"
"Salena","3307918557","abc@gmail.com"
"Yoko","6313353414","abc@gmail.com"
"Taryn","7039387939","abc@gmail.com"
"Katina","2162304892","abc@gmail.com"
"Rickie","4193135571","abc@gmail.com"
"Alex","2536607821","abc@gmail.com"
"Lashon","9167417884","abc@gmail.com"
"Lauran","3073427795","abc@gmail.com"
"Ceola","2072975029","abc@gmail.com"
"My","2154915633","abc@gmail.com"
"Lorrine","8138636467","abc@gmail.com"
"Peggie","6196081763","abc@gmail.com"
"Marvel","9797188968","abc@gmail.com"
"Daron","8472333075","abc@gmail.com"
"An","6092285265","abc@gmail.com"
"Portia","9086704712","abc@gmail.com"
"Rhea","7185609537","abc@gmail.com"
"Benedict","3147871588","abc@gmail.com"
"Alyce","2093171801","abc@gmail.com"
"Heike","9739365095","abc@gmail.com"
"Carey","3175782453","abc@gmail.com"
"Dottie","2065406076","abc@gmail.com"
"Deandrea","3368227652","abc@gmail.com"
"Kimberlie","7856298542","abc@gmail.com"
"Martina","4074716908","abc@gmail.com"
"Skye","6125082655","abc@gmail.com"
"Jade","8039753405","abc@gmail.com"
"Charlene","7078218037","abc@gmail.com"
"Geoffrey","8472221734","abc@gmail.com"
"Stevie","9499033898","abc@gmail.com"
"Pamella","3034042210","abc@gmail.com"
"Harrison","6125082655","abc@gmail.com"
"Johnna","4259867573","abc@gmail.com"
"Buddy","4403272093","abc@gmail.com"
"Dalene","6037457497","abc@gmail.com"
"Jerry","3215185938","abc@gmail.com"
"Haydee","2127928658","abc@gmail.com"
"Joseph","7145842237","abc@gmail.com"
"Deonna","2489134677","abc@gmail.com"
"Raymon","3173421532","abc@gmail.com"
"Alecia","9402767922","abc@gmail.com"
"Ma","2037213388","abc@gmail.com"
"Detra","4107399277","abc@gmail.com"
"Terrilyn","5046358518","abc@gmail.com"
"Salome","8045505097","abc@gmail.com"
"Garry","2159798776","abc@gmail.com"
"Matthew","2127928658","abc@gmail.com"
"Theodora","3055731085","abc@gmail.com"
"Noah","4146609766","abc@gmail.com"
"Carmen","7329412621","abc@gmail.com"
"Lavonda","7018982154","abc@gmail.com"
"Junita","7756389963","abc@gmail.com"
"Herminia","6029545141","abc@gmail.com"
"Casie","6158254297","abc@gmail.com"
"Reena","4103511863","abc@gmail.com"
"Mirta","2128701286","abc@gmail.com"
"Cathrine","8065585848","abc@gmail.com"
"Filiberto","3237652528","abc@gmail.com"
"Raul","6195095282","abc@gmail.com"
"Sarah","7705312842","abc@gmail.com"
"Lucy","5087695250","abc@gmail.com"
"Judy","2697567222","abc@gmail.com"
"Yvonne","9739768627","abc@gmail.com"
"Kayleigh","3377512326","abc@gmail.com"
"Felix","7174915643","abc@gmail.com"
"Tresa","3143599566","abc@gmail.com"
"Kristeen","8172138851","abc@gmail.com"
"Jenelle","8139328715","abc@gmail.com"
"Renea","7706794752","abc@gmail.com"
"Olive","7609386069","abc@gmail.com"
"Ligia","5179061108","abc@gmail.com"
"Christiane","6023306894","abc@gmail.com"
"Goldie","2077483722","abc@gmail.com"
"Loreta","3013926698","abc@gmail.com"
"Fabiola","7173442804","abc@gmail.com"
"Amie","9728981033","abc@gmail.com"
"Raina","4063747752","abc@gmail.com"
"Erinn","9735639502","abc@gmail.com"
"Cherry","2489806904","abc@gmail.com"
"Kattie","2169233715","abc@gmail.com"
"Lilli","3256311560","abc@gmail.com"
"Whitley","8178197799","abc@gmail.com"
"Barbra","7182013751","abc@gmail.com"
"Hermila","4018934882","abc@gmail.com"
"Jesusita","7176867564","abc@gmail.com"
"Caitlin","4063747752","abc@gmail.com"
"Roosevelt","3053021135","abc@gmail.com"
"Helaine","2018324168","abc@gmail.com"
"Lorean","2106342447","abc@gmail.com"
"France","7188533740","abc@gmail.com"
"Justine","9099933242","abc@gmail.com"
"Adelina","2162304892","abc@gmail.com"
"Derick","2123044515","abc@gmail.com"
"Jerry","8048089574","abc@gmail.com"
"Leota","7066165131","abc@gmail.com"
"Jutta","3375151438","abc@gmail.com"
"Aja","9735442677","abc@gmail.com"
"Kirk","6073507690","abc@gmail.com"
"Leonora","9734122995","abc@gmail.com"
"Winfred","2082524552","abc@gmail.com"
"Tarra","4152842730","abc@gmail.com"
"Corinne","5089424186","abc@gmail.com"
"Dulce","2483578718","abc@gmail.com"
"Kate","9203536377","abc@gmail.com"
"Kaitlyn","4107733862","abc@gmail.com"
"Sherita","7195479543","abc@gmail.com"
"Lashawnda","4195888719","abc@gmail.com"
"Ernest","3019989644","abc@gmail.com"
"Nobuko","5088977916","abc@gmail.com"
"Lavonna","7038922914","abc@gmail.com"
"Lashaunda","9203536377","abc@gmail.com"
"Mariann","5127421149","abc@gmail.com"
"Helene","6234618551","abc@gmail.com"
"Roselle","4194886648","abc@gmail.com"
"Samira","2063114137","abc@gmail.com"
"Margart","5136172362","abc@gmail.com"
"Kristofer","8124428544","abc@gmail.com"
"Weldon","8473532156","abc@gmail.com"
"Shalon","7182322337","abc@gmail.com"
"Denise","4074464358","abc@gmail.com"
"Louvenia","3106522379","abc@gmail.com"
"Audry","8137447100","abc@gmail.com"
"Kristel","9153006100","abc@gmail.com"
"Vincenza","6196035125","abc@gmail.com"
"Elouise","3018415012","abc@gmail.com"
"Venita","7145236653","abc@gmail.com"
"Kasandra","3147329131","abc@gmail.com"
"Xochitl","5122331831","abc@gmail.com"
"Maile","3366702640","abc@gmail.com"
"Krissy","6314434710","abc@gmail.com"
"Pete","2018252514","abc@gmail.com"
"Linn","9014124381","abc@gmail.com"
"Paris","8137447100","abc@gmail.com"
"Wynell","6504731262","abc@gmail.com"
"Quentin","9527027993","abc@gmail.com"
"Regenia","4802055121","abc@gmail.com"
"Sheron","7189768610","abc@gmail.com"
"Izetta","7705844119","abc@gmail.com"
"Rodolfo","5072103510","abc@gmail.com"
"Zona","2034611949","abc@gmail.com"
"Serina","2602733725","abc@gmail.com"
"Paz","6019278287","abc@gmail.com"
"Markus","5869707380","abc@gmail.com"
"Jaclyn","7198533600","abc@gmail.com"
"Cyril","2127458484","abc@gmail.com"
"Gayla","5106863407","abc@gmail.com"
"Erick","7737049903","abc@gmail.com"
"Jennie","5702184831","abc@gmail.com"
"Mitsue","5309869272","abc@gmail.com"
"Ciara","8458238877","abc@gmail.com"
"Galen","2166006111","abc@gmail.com"
"Truman","9738522736","abc@gmail.com"
"Gail","9074359166","abc@gmail.com"
"Dalene","2152681275","abc@gmail.com"
"Gertude","5138639471","abc@gmail.com"
"Lizbeth","3106991222","abc@gmail.com"
"Glenn","5153707348","abc@gmail.com"
"Lashandra","6108091818","abc@gmail.com"
"Lenna","9196232524","abc@gmail.com"
"Laurel","5096955199","abc@gmail.com"
"Mireya","9148833061","abc@gmail.com"
"Annelle","4107571035","abc@gmail.com"
"Dean","5168474418","abc@gmail.com"
"Levi","5086587802","abc@gmail.com"
"Sylvie","9186449555","abc@gmail.com"
"Sharee","2314679978","abc@gmail.com"
"Cordelia","3375666001","abc@gmail.com"
"Mollie","4199753182","abc@gmail.com"
"Brett","6197273892","abc@gmail.com"
"Teddy","2038923863","abc@gmail.com"
"Tasia","2019209002","abc@gmail.com"
"Hubert","3309031345","abc@gmail.com"
"Arthur","2017724377","abc@gmail.com"
"Vilma","6167373085","abc@gmail.com"
"Billye","6015675386","abc@gmail.com"
"Glenna","9016409178","abc@gmail.com"
"Mitzie","3034021940","abc@gmail.com"
"Bernardine","9019014726","abc@gmail.com"
"Staci","6268662339","abc@gmail.com"
"Nichelle","7732259985","abc@gmail.com"
"Janine","7182285894","abc@gmail.com"
"Ettie","5098473352","abc@gmail.com"
"Eden","4108907866","abc@gmail.com"
"Lynelle","9738608610","abc@gmail.com"
"Merissa","5627197922","abc@gmail.com"
"Golda","7326289909","abc@gmail.com"
"Catarina","9732103994","abc@gmail.com"
"Virgie","3037767548","abc@gmail.com"
"Jolene","7576827116","abc@gmail.com"
"Keneth","6029194211","abc@gmail.com"
"Rikki","3059689487","abc@gmail.com"
"Elke","6028962993","abc@gmail.com"
"Hoa","3865267800","abc@gmail.com"
"Trinidad","4153319634","abc@gmail.com"
"Mari","8587939684","abc@gmail.com"
"Selma","2017727699","abc@gmail.com"
"Antione","9094307765","abc@gmail.com"
"Luisa","6173652134","abc@gmail.com"
"Clorinda","7602614786","abc@gmail.com"
"Dick","3105109713","abc@gmail.com"
"Ahmed","7176325831","abc@gmail.com"
"Iluminada","4808666544","abc@gmail.com"
"Joanna","5614704574","abc@gmail.com"
"Caprice","6152461824","abc@gmail.com"
"Stephane","8597177638","abc@gmail.com"
"Quentin","7345616170","abc@gmail.com"
"Annmarie","9367517961","abc@gmail.com"
"Shonda","9734822430","abc@gmail.com"
"Cecil","2016933967","abc@gmail.com"
"Jeanice","3053067834","abc@gmail.com"
"Josphine","9315539774","abc@gmail.com"
"Daniel","7147713880","abc@gmail.com"
"Cassi","8477559041","abc@gmail.com"
"Britt","2158883304","abc@gmail.com"
"Adell","9736628988","abc@gmail.com"
"Jacqueline","8144811700","abc@gmail.com"
"Lonny","8012939853","abc@gmail.com"
"Lonna","9109223672","abc@gmail.com"
"Cristal","2139758026","abc@gmail.com"
"Kenneth","5178678077","abc@gmail.com"
"Elli","3158182638","abc@gmail.com"
"Alline","5746562800","abc@gmail.com"
"Sharika","4074721332","abc@gmail.com"
"Nu","9737519003","abc@gmail.com"
"Daniela","6092008577","abc@gmail.com"
"Cecilia","6083824541","abc@gmail.com"
"Leslie","9148619748","abc@gmail.com"
"Nan","3363705333","abc@gmail.com"
"Izetta","4104731708","abc@gmail.com"
"Tegan","7327056719","abc@gmail.com"
"Ruthann","8302582769","abc@gmail.com"
"Joni","8475195906","abc@gmail.com"
"Vi","7326054781","abc@gmail.com"
"Colette","4027071602","abc@gmail.com"
"Malcolm","7032215602","abc@gmail.com"
"Ryan","9725581665","abc@gmail.com"
"Jess","2124289538","abc@gmail.com"
"Sharen","5168161541","abc@gmail.com"
"Nickolas","3525988301","abc@gmail.com"
"Gary","3175426023","abc@gmail.com"
"Diane","8165579673","abc@gmail.com"
"Roslyn","6019735754","abc@gmail.com"
"Glory","3258692649","abc@gmail.com"
"Rasheeda","4088054309","abc@gmail.com"
"Alpha","8563122629","abc@gmail.com"
"Refugia","5105093496","abc@gmail.com"
"Shawnda","4075648113","abc@gmail.com"
"Mona","3074031488","abc@gmail.com"
"Gilma","5163939967","abc@gmail.com"
"Janey","6089677194","abc@gmail.com"
"Lili","2014788540","abc@gmail.com"
"Loren","5705692356","abc@gmail.com"
"Dorothy","8586177834","abc@gmail.com"
"Gail","7606165388","abc@gmail.com"
"Catalina","6093733332","abc@gmail.com"
"Lawrence","4018931820","abc@gmail.com"
"Carlee","7852537049","abc@gmail.com"
"Thaddeus","9169203571","abc@gmail.com"
"Jovita","3862484118","abc@gmail.com"
"Alesia","2026467516","abc@gmail.com"
"Lai","4154233294","abc@gmail.com"
"Brittni","2087091235","abc@gmail.com"
"Raylene","5744991454","abc@gmail.com"
"Flo","3082506987","abc@gmail.com"
"Jani","2067116498","abc@gmail.com"
"Chauncey","4074134842","abc@gmail.com"
